The product is amazing,positive
I love this item so much,positive
Terrible quality do not buy,negative
Fast shipping and great service,positive
Not worth the money,negative
Exceeded my expectations,positive
Awful experience,negative
Best purchase ever,positive
Disappointed with the quality,negative
Highly recommend to everyone,positive
Worst product I have ever bought,negative
Fantastic and works perfectly,positive
Broke after one use,negative
Very satisfied with my purchase,positive
Feels cheap and flimsy,negative
Absolutely wonderful,positive
Customer service was awful,negative
Superb quality and easy to use,positive
Defective on arrival,negative
Love the design and durability,positive
Horrible experience overall,negative
Worth every penny,positive
Would not buy again,negative
Works like a charm,positive
Not as described,negative
Extremely happy with it,positive
Regret buying this,negative
Best investment I’ve made,positive
Product stopped working after a week,negative
Very happy with my decision,positive
Doesn’t function as advertised,negative
Perfect for my needs,positive
Arrived damaged,negative
Great value for the price,positive
Complete waste of money,negative
Really impressed with the performance,positive
Unusable and frustrating,negative
Five stars all the way,positive
Dissatisfied with my purchase,negative
Outstanding and reliable,positive
Cheap material and poorly made,negative
Will buy again for sure,positive
Shipping took forever,negative
So convenient and efficient,positive
Misleading description,negative
Absolutely love it,positive
Stopped working after a few days,negative
Excellent quality and design,positive
Horrible customer support,negative
Does exactly what it says,positive
I want a refund,negative
Brilliant product,positive
Not worth the hype,negative
Very practical and useful,positive
Broke within a month,negative
Would give zero stars if possible,negative
Amazing features and build,positive
It’s a scam,negative
Lightweight and powerful,positive
Battery drains too fast,negative
Totally worth it,positive
Doesn’t meet expectations,negative
Great addition to my collection,positive
Useless and unreliable,negative
Exceeded my hopes,positive
Falls apart easily,negative
Works even better than expected,positive
Seller was unresponsive,negative
Highly efficient and effective,positive
Terrible choice,negative
Happy with my order,positive
Worst thing I’ve bought,negative
This is a must-have,positive
Disappointed beyond words,negative
Lifesaver and so helpful,positive
I regret this purchase,negative
Top-notch quality,positive
Very poor durability,negative
I’m so glad I bought this,positive
The worst decision ever,negative
Flawless and perfect,positive
Doesn’t hold up well,negative
I can’t recommend this enough,positive
Total letdown,negative
Super high quality,positive
Returning this immediately,negative
Awesome and well-made,positive
Huge waste of time,negative
My new favorite item,positive
Should have read the reviews,negative
Reliable and impressive,positive
Junk and not worth a dime,negative
Love everything about it,positive
Had to replace it already,negative
Really good and sturdy,positive
Not user-friendly,negative
Highly functional and stylish,positive
Disgusted by this product,negative
Can’t live without it now,positive
The quality is subpar,negative
Best decision I made,positive
Worst experience ever,negative